
INSERT INTO users(email, password_hash, first_name, last_name, avatar) VALUES
('ivanov@example.com', '5f4dcc3b5aa765d61d8327deb882cf99', 'Иван', 'Иванов', 'avatar1.jpg'),
('petrov@example.com', '5f4dcc3b5aa765d61d8327deb882cf99', 'Пётр', 'Петров', 'avatar2.jpg');

INSERT INTO categories(name) VALUES
('Книги'),
('Разное'),
('Посуда'),
('Игры'),
('Животные'),
('Журналы');

ALTER TABLE offers DISABLE TRIGGER ALL;
INSERT INTO offers(title, description, type, sum, picture, user_id) VALUES
('Продам коллекцию журналов «Огонёк».', 'Даю недельную гарантию. Кому нужен этот новый телефон, если тут такое... Таких предложений больше нет! Бонусом отдам все аксессуары.', 'OFFER', 82771, 'item11.jpg', 2),
('Продам отличную подборку фильмов на VHS.', 'Если товар не понравится — верну всё до последней копейки. Это настоящая находка для коллекционера! Мой дед не мог её сломать. Пользовались бережно и только по большим праздникам.', 'SALE', 90819, 'item05.jpg', 2),
('Продам книги Стивена Кинга.', 'Товар в отличном состоянии. Пользовались бережно и только по большим праздникам. Кому нужен этот новый телефон, если тут такое... Если товар не понравится — верну всё до последней копейки.', 'OFFER', 86678, 'item05.jpg', 1),
('Куплю антиквариат.', 'Не пытайтесь торговаться. Цену вещам я знаю. Если найдёте дешевле — сброшу цену. Если товар не понравится — верну всё до последней копейки. Товар в отличном состоянии.', 'OFFER', 34931, 'item08.jpg', 1),
('Куплю антиквариат.', 'Если товар не понравится — верну всё до последней копейки. Бонусом отдам все аксессуары. Кому нужен этот новый телефон, если тут такое... При покупке с меня бесплатная доставка в черте города.', 'OFFER', 38578, 'item11.jpg', 1);
ALTER TABLE offers ENABLE TRIGGER ALL;

ALTER TABLE offer_categories DISABLE TRIGGER ALL;
INSERT INTO offer_categories(offer_id, category_id) VALUES
(1, 1),
(2, 6),
(3, 6),
(4, 2),
(5, 2);
ALTER TABLE offer_categories ENABLE TRIGGER ALL;

ALTER TABLE comments DISABLE TRIGGER ALL;
INSERT INTO COMMENTS(text, user_id, offer_id) VALUES
('Почему в таком ужасном состоянии? С чем связана продажа? Почему так дешёво? А где блок питания?', 1, 1),
('А сколько игр в комплекте? А где блок питания?', 1, 2),
('Продаю в связи с переездом. Отрываю от сердца. Вы что?! В магазине дешевле.', 1, 2),
('Почему в таком ужасном состоянии? Продаю в связи с переездом. Отрываю от сердца. А сколько игр в комплекте?', 1, 3),
('Продаю в связи с переездом. Отрываю от сердца.', 1, 3),
('А где блок питания? Почему в таком ужасном состоянии?', 2, 3),
('Вы что?! В магазине дешевле.', 2, 4),
('Продаю в связи с переездом. Отрываю от сердца. А сколько игр в комплекте?', 2, 5),
('Вы что?! В магазине дешевле. Неплохо, но дорого. Почему в таком ужасном состоянии?', 2, 5),
('Продаю в связи с переездом. Отрываю от сердца.', 2, 5);
ALTER TABLE comments ENABLE TRIGGER ALL;
